{
  "model": "./ckpts/type_ctx20/final",
  "split": "test",
  "overall": {
    "total_samples": 81,
    "exact_match_rate": 0.0,
    "avg_bleu": 0.11679403794459739,
    "avg_codebleu": 0.2757429876284831,
    "avg_token_f1": 0.20066422590279745,
    "avg_chrf": 0.15235804113995077,
    "avg_edit_distance": 0.8870604594701169
  },
  "per_project": {
    "eclipse": {
      "count": 2,
      "exact_match_rate": 0.0,
      "avg_bleu": 0.17272539564907466,
      "avg_codebleu": 0.25,
      "avg_token_f1": 0.3025355359200922,
      "avg_chrf": 0.22974463902616588,
      "avg_edit_distance": 0.8816989676123185
    },
    "netty": {
      "count": 79,
      "exact_match_rate": 0.0,
      "avg_bleu": 0.11537805420524355,
      "avg_codebleu": 0.2763947088342675,
      "avg_token_f1": 0.19808520539603044,
      "avg_chrf": 0.15039888676308458,
      "avg_edit_distance": 0.8871961934412003
    }
  }
}