{
  "model": "./ckpts/type_ctx20_qwen2.5-coder-1.5b/final",
  "split": "test",
  "overall": {
    "total_samples": 81,
    "exact_match_rate": 0.0,
    "avg_bleu": 0.001348948822163135,
    "avg_codebleu": 0.0,
    "avg_token_f1": 0.01971904535601227,
    "avg_chrf": 0.0532885837506446,
    "avg_edit_distance": 0.9386351179899923
  },
  "per_project": {
    "eclipse": {
      "count": 2,
      "exact_match_rate": 0.0,
      "avg_bleu": 0.004605270062377554,
      "avg_codebleu": 0.0,
      "avg_token_f1": 0.0424076769957515,
      "avg_chrf": 0.08065905203045416,
      "avg_edit_distance": 0.8868891944601724
    },
    "netty": {
      "count": 79,
      "exact_match_rate": 0.0,
      "avg_bleu": 0.0012665103097526434,
      "avg_codebleu": 0.0,
      "avg_token_f1": 0.019144649618297347,
      "avg_chrf": 0.05259566050305449,
      "avg_edit_distance": 0.9399451413704942
    }
  }
}