{
  "model": "/opt/dlami/nvme/models/qwen2.5-coder-1.5b",
  "split": "test",
  "overall": {
    "total_samples": 81,
    "exact_match_rate": 0.0,
    "avg_bleu": 0.0970724586713468,
    "avg_codebleu": 0.3945629815401305,
    "avg_token_f1": 0.1806459118742902,
    "avg_chrf": 0.2092471464901926,
    "avg_edit_distance": 0.8425484406584686
  },
  "per_project": {
    "eclipse": {
      "count": 2,
      "exact_match_rate": 0.0,
      "avg_bleu": 0.3884067486290662,
      "avg_codebleu": 0.7177645820203296,
      "avg_token_f1": 0.4673315971462336,
      "avg_chrf": 0.47248276453570137,
      "avg_edit_distance": 0.599736650665228
    },
    "netty": {
      "count": 79,
      "exact_match_rate": 0.0,
      "avg_bleu": 0.08969690702684756,
      "avg_codebleu": 0.3863806625406318,
      "avg_token_f1": 0.17338804642436756,
      "avg_chrf": 0.20258295362828108,
      "avg_edit_distance": 0.8486955745823481
    }
  }
}