{
  "model": "./ckpts/ast_ctx20_qwen2.5-coder-1.5b/final",
  "split": "test",
  "overall": {
    "total_samples": 81,
    "exact_match_rate": 0.0,
    "avg_bleu": 0.10217203234123863,
    "avg_codebleu": 0.552523338215221,
    "avg_token_f1": 0.18424230704795752,
    "avg_chrf": 0.20110542968535824,
    "avg_edit_distance": 0.8694727996494732
  },
  "per_project": {
    "eclipse": {
      "count": 2,
      "exact_match_rate": 0.0,
      "avg_bleu": 0.18321031927931472,
      "avg_codebleu": 0.6780011879651042,
      "avg_token_f1": 0.3060683424980361,
      "avg_chrf": 0.30438668215130643,
      "avg_edit_distance": 0.7988505872871745
    },
    "netty": {
      "count": 79,
      "exact_match_rate": 0.0,
      "avg_bleu": 0.10012043014027468,
      "avg_codebleu": 0.5493466837911734,
      "avg_token_f1": 0.1811581036188416,
      "avg_chrf": 0.19849071443305583,
      "avg_edit_distance": 0.871260703759911
    }
  }
}