{
  "model": "./ckpts/baseline_ctx20_qwen2.5-coder-1.5b/final",
  "split": "test",
  "overall": {
    "total_samples": 81,
    "exact_match_rate": 0.0,
    "avg_bleu": 0.006819466117515181,
    "avg_codebleu": 0.0,
    "avg_token_f1": 0.030490379596832113,
    "avg_chrf": 0.06169499258028002,
    "avg_edit_distance": 0.9243103933414856
  },
  "per_project": {
    "eclipse": {
      "count": 2,
      "exact_match_rate": 0.0,
      "avg_bleu": 0.010291704455000711,
      "avg_codebleu": 0.0,
      "avg_token_f1": 0.04511533242876526,
      "avg_chrf": 0.08152767428630942,
      "avg_edit_distance": 0.8965674435919962
    },
    "netty": {
      "count": 79,
      "exact_match_rate": 0.0,
      "avg_bleu": 0.006731561349477574,
      "avg_codebleu": 0.0,
      "avg_token_f1": 0.030120127626403433,
      "avg_chrf": 0.061192899372532444,
      "avg_edit_distance": 0.9250127464997007
    }
  }
}