{
  "model": "./ckpts/ast+type_ctx20/final",
  "split": "test",
  "overall": {
    "total_samples": 81,
    "exact_match_rate": 0.0,
    "avg_bleu": 0.12316819373385413,
    "avg_codebleu": 0.2673063076519952,
    "avg_token_f1": 0.20585880921596206,
    "avg_chrf": 0.15637285161915887,
    "avg_edit_distance": 0.8858971180012114
  },
  "per_project": {
    "eclipse": {
      "count": 2,
      "exact_match_rate": 0.0,
      "avg_bleu": 0.1725293110755062,
      "avg_codebleu": 0.1799932523616734,
      "avg_token_f1": 0.2740267639902676,
      "avg_chrf": 0.2108090375983869,
      "avg_edit_distance": 0.8835176575561191
    },
    "netty": {
      "count": 79,
      "exact_match_rate": 0.0,
      "avg_bleu": 0.12191854519355912,
      "avg_codebleu": 0.2695167647479527,
      "avg_token_f1": 0.2041330382090176,
      "avg_chrf": 0.15499472032854553,
      "avg_edit_distance": 0.8859573575061505
    }
  }
}