{
  "model": "/opt/dlami/nvme/models/qwen2.5-coder-1.5b",
  "split": "test",
  "overall": {
    "total_samples": 81,
    "exact_match_rate": 0.0,
    "avg_bleu": 0.10023868800480681,
    "avg_codebleu": 0.390160111798537,
    "avg_token_f1": 0.18828644466873326,
    "avg_chrf": 0.22144113178296812,
    "avg_edit_distance": 0.8313708814230041
  },
  "per_project": {
    "eclipse": {
      "count": 2,
      "exact_match_rate": 0.0,
      "avg_bleu": 0.17614827105697745,
      "avg_codebleu": 0.6849918883329562,
      "avg_token_f1": 0.30944937474788226,
      "avg_chrf": 0.31399797975370164,
      "avg_edit_distance": 0.8012363839770049
    },
    "netty": {
      "count": 79,
      "exact_match_rate": 0.0,
      "avg_bleu": 0.0983169264085493,
      "avg_codebleu": 0.38269601619007065,
      "avg_token_f1": 0.18521902871736243,
      "avg_chrf": 0.2190979204419369,
      "avg_edit_distance": 0.832133780092523
    }
  }
}