{
  "model": "deepseek-ai/deepseek-coder-1.3b-base",
  "split": "test",
  "overall": {
    "total_samples": 81,
    "exact_match_rate": 0.0,
    "avg_bleu": 0.06578083997822726,
    "avg_codebleu": 0.2375373477436621,
    "avg_token_f1": 0.13905372966988747,
    "avg_chrf": 0.11146546527296254,
    "avg_edit_distance": 0.904294084762711
  },
  "per_project": {
    "eclipse": {
      "count": 2,
      "exact_match_rate": 0.0,
      "avg_bleu": 0.21721212963054068,
      "avg_codebleu": 0.25,
      "avg_token_f1": 0.33998377939983776,
      "avg_chrf": 0.24323478121311454,
      "avg_edit_distance": 0.798875852847222
    },
    "netty": {
      "count": 79,
      "exact_match_rate": 0.0,
      "avg_bleu": 0.06194713644272564,
      "avg_codebleu": 0.23722183755995735,
      "avg_token_f1": 0.13396689296786343,
      "avg_chrf": 0.10812953322384476,
      "avg_edit_distance": 0.9069629007605714
    }
  }
}