{
  "model": "./ckpts/ast_ctx20_qwen2.5-coder-1.5b/final",
  "split": "test",
  "overall": {
    "total_samples": 81,
    "exact_match_rate": 0.0,
    "avg_bleu": 0.0,
    "avg_codebleu": 0.0,
    "avg_token_f1": 0.006641254530803799,
    "avg_chrf": 0.024190168272969367,
    "avg_edit_distance": 0.927887205053292
  },
  "per_project": {
    "eclipse": {
      "count": 2,
      "exact_match_rate": 0.0,
      "avg_bleu": 0.0,
      "avg_codebleu": 0.0,
      "avg_token_f1": 0.004273504273504273,
      "avg_chrf": 0.01122706340048809,
      "avg_edit_distance": 0.9485628187297173
    },
    "netty": {
      "count": 79,
      "exact_match_rate": 0.0,
      "avg_bleu": 0.0,
      "avg_codebleu": 0.0,
      "avg_token_f1": 0.006701197575292396,
      "avg_chrf": 0.024518348143158765,
      "avg_edit_distance": 0.9273637717956608
    }
  }
}