{
  "model": "/opt/dlami/nvme/models/qwen2.5-coder-1.5b",
  "split": "test",
  "overall": {
    "total_samples": 81,
    "exact_match_rate": 0.0,
    "avg_bleu": 0.09489231022260304,
    "avg_codebleu": 0.37186579462838104,
    "avg_token_f1": 0.1810763482205888,
    "avg_chrf": 0.21901658427536108,
    "avg_edit_distance": 0.8355792246606535
  },
  "per_project": {
    "eclipse": {
      "count": 2,
      "exact_match_rate": 0.0,
      "avg_bleu": 0.15703211059461253,
      "avg_codebleu": 0.6094514374464668,
      "avg_token_f1": 0.25082683175033915,
      "avg_chrf": 0.259632137681162,
      "avg_edit_distance": 0.8755403695600601
    },
    "netty": {
      "count": 79,
      "exact_match_rate": 0.0,
      "avg_bleu": 0.0933191507195142,
      "avg_codebleu": 0.36585096822792323,
      "avg_token_f1": 0.17931051319451916,
      "avg_chrf": 0.21798834241698642,
      "avg_edit_distance": 0.8345675501062382
    }
  }
}