{
  "model": "./ckpts/baseline_ctx20_qwen2.5-coder-1.5b/final",
  "split": "test",
  "overall": {
    "total_samples": 81,
    "exact_match_rate": 0.0,
    "avg_bleu": 0.09734782013714705,
    "avg_codebleu": 0.5239975695781088,
    "avg_token_f1": 0.170782994052179,
    "avg_chrf": 0.20662416434359185,
    "avg_edit_distance": 0.8687641074523467
  },
  "per_project": {
    "eclipse": {
      "count": 2,
      "exact_match_rate": 0.0,
      "avg_bleu": 0.17537509401888393,
      "avg_codebleu": 0.5855005703342356,
      "avg_token_f1": 0.30240841248303935,
      "avg_chrf": 0.2995180713788742,
      "avg_edit_distance": 0.8091815797628488
    },
    "netty": {
      "count": 79,
      "exact_match_rate": 0.0,
      "avg_bleu": 0.0953724461148246,
      "avg_codebleu": 0.5224405315842828,
      "avg_token_f1": 0.16745070497798,
      "avg_chrf": 0.20427241986168593,
      "avg_edit_distance": 0.8702725258748655
    }
  }
}