{
  "model": "/opt/dlami/nvme/models/qwen2.5-coder-1.5b",
  "split": "test",
  "overall": {
    "total_samples": 81,
    "exact_match_rate": 0.0,
    "avg_bleu": 0.11544886502573061,
    "avg_codebleu": 0.0,
    "avg_token_f1": 0.20289235346634413,
    "avg_chrf": 0.2370799466398904,
    "avg_edit_distance": 0.8305478571840258
  },
  "per_project": {
    "eclipse": {
      "count": 2,
      "exact_match_rate": 0.0,
      "avg_bleu": 0.20220123779698213,
      "avg_codebleu": 0.0,
      "avg_token_f1": 0.31332683175033926,
      "avg_chrf": 0.31310199378578196,
      "avg_edit_distance": 0.808496886660696
    },
    "netty": {
      "count": 79,
      "exact_match_rate": 0.0,
      "avg_bleu": 0.11325260242392679,
      "avg_codebleu": 0.0,
      "avg_token_f1": 0.20009654388953413,
      "avg_chrf": 0.23515533785138676,
      "avg_edit_distance": 0.8311061096023379
    }
  }
}