{
  "model": "./ckpts/ast+type_ctx20_qwen2.5-coder-1.5b/final",
  "split": "test",
  "overall": {
    "total_samples": 81,
    "exact_match_rate": 0.0,
    "avg_bleu": 0.0,
    "avg_codebleu": 0.0,
    "avg_token_f1": 0.007559264001985381,
    "avg_chrf": 0.01907415413387459,
    "avg_edit_distance": 0.9568485086811415
  },
  "per_project": {
    "eclipse": {
      "count": 2,
      "exact_match_rate": 0.0,
      "avg_bleu": 0.0,
      "avg_codebleu": 0.0,
      "avg_token_f1": 0.0014224751066856329,
      "avg_chrf": 0.014110524229915884,
      "avg_edit_distance": 0.9520616948020522
    },
    "netty": {
      "count": 79,
      "exact_match_rate": 0.0,
      "avg_bleu": 0.0,
      "avg_codebleu": 0.0,
      "avg_token_f1": 0.007714625746170185,
      "avg_chrf": 0.01919981565043051,
      "avg_edit_distance": 0.9569696938426375
    }
  }
}