{
  "model": "./ckpts/baseline_ctx20/final",
  "split": "test",
  "overall": {
    "total_samples": 81,
    "exact_match_rate": 0.0,
    "avg_bleu": 0.12007004416406135,
    "avg_codebleu": 0.2684209180725195,
    "avg_token_f1": 0.2026610192829716,
    "avg_chrf": 0.15233134921065902,
    "avg_edit_distance": 0.8855259019744364
  },
  "per_project": {
    "eclipse": {
      "count": 2,
      "exact_match_rate": 0.0,
      "avg_bleu": 0.19862794599771794,
      "avg_codebleu": 0.1799932523616734,
      "avg_token_f1": 0.31569343065693434,
      "avg_chrf": 0.23021574462598704,
      "avg_edit_distance": 0.8694445831606878
    },
    "netty": {
      "count": 79,
      "exact_match_rate": 0.0,
      "avg_bleu": 0.11808123652270296,
      "avg_codebleu": 0.27065959315380667,
      "avg_token_f1": 0.19979943924818774,
      "avg_chrf": 0.15035959236470137,
      "avg_edit_distance": 0.8859330239697211
    }
  }
}