{
  "model": "deepseek-ai/deepseek-coder-1.3b-base",
  "split": "test",
  "overall": {
    "total_samples": 81,
    "exact_match_rate": 0.0,
    "avg_bleu": 0.05938277815906069,
    "avg_codebleu": 0.23265201156963136,
    "avg_token_f1": 0.12824971628027443,
    "avg_chrf": 0.10318656722773366,
    "avg_edit_distance": 0.9078802569884762
  },
  "per_project": {
    "eclipse": {
      "count": 2,
      "exact_match_rate": 0.0,
      "avg_bleu": 0.21721212963054068,
      "avg_codebleu": 0.25,
      "avg_token_f1": 0.33998377939983776,
      "avg_chrf": 0.2405092587394305,
      "avg_edit_distance": 0.8016626938721751
    },
    "netty": {
      "count": 79,
      "exact_match_rate": 0.0,
      "avg_bleu": 0.0553870983749726,
      "avg_codebleu": 0.23221282198911566,
      "avg_token_f1": 0.12288936025193105,
      "avg_chrf": 0.09971004339199449,
      "avg_edit_distance": 0.9105693092192684
    }
  }
}